{
  "best_metric": null,
  "best_model_checkpoint": null,
  "epoch": 2.9120559114735003,
  "global_step": 10000,
  "is_hyper_param_search": false,
  "is_local_process_zero": true,
  "is_world_process_zero": true,
  "log_history": [
    {
      "epoch": 1.0,
      "learning_rate": 6.666666666666667e-05,
      "loss": 0.3688,
      "step": 3434
    },
    {
      "epoch": 1.0,
      "eval_accuracy": 0.9399757254772151,
      "eval_f1": 0.9392657773240622,
      "eval_loss": 0.2577056586742401,
      "eval_runtime": 25.4063,
      "eval_samples_per_second": 2140.338,
      "eval_steps_per_second": 16.728,
      "step": 3434
    },
    {
      "epoch": 2.0,
      "learning_rate": 3.3333333333333335e-05,
      "loss": 0.3206,
      "step": 6868
    },
    {
      "epoch": 2.0,
      "eval_accuracy": 0.9444444444444444,
      "eval_f1": 0.9438055597282864,
      "eval_loss": 0.24082554876804352,
      "eval_runtime": 25.3509,
      "eval_samples_per_second": 2145.014,
      "eval_steps_per_second": 16.765,
      "step": 6868
    }
  ],
  "max_steps": 10302,
  "num_train_epochs": 3,
  "total_flos": 7230539616694272.0,
  "trial_name": null,
  "trial_params": null
}
