{
  "best_metric": null,
  "best_model_checkpoint": null,
  "epoch": 4.9504950495049505,
  "global_step": 17000,
  "is_hyper_param_search": false,
  "is_local_process_zero": true,
  "is_world_process_zero": true,
  "log_history": [
    {
      "epoch": 1.0,
      "learning_rate": 0.0008,
      "loss": 1.1503,
      "step": 3434
    },
    {
      "epoch": 1.0,
      "eval_accuracy": 0.8042406855713707,
      "eval_f1": 0.7952305883210614,
      "eval_loss": 0.7992594242095947,
      "eval_runtime": 25.5677,
      "eval_samples_per_second": 2126.822,
      "eval_steps_per_second": 16.623,
      "step": 3434
    },
    {
      "epoch": 2.0,
      "learning_rate": 0.0006,
      "loss": 0.8921,
      "step": 6868
    },
    {
      "epoch": 2.0,
      "eval_accuracy": 0.8493140608334253,
      "eval_f1": 0.8434596709093451,
      "eval_loss": 0.6315541863441467,
      "eval_runtime": 25.4655,
      "eval_samples_per_second": 2135.357,
      "eval_steps_per_second": 16.689,
      "step": 6868
    },
    {
      "epoch": 3.0,
      "learning_rate": 0.0004,
      "loss": 0.6959,
      "step": 10302
    },
    {
      "epoch": 3.0,
      "eval_accuracy": 0.8888521093089117,
      "eval_f1": 0.8853449304183323,
      "eval_loss": 0.47618234157562256,
      "eval_runtime": 25.5298,
      "eval_samples_per_second": 2129.982,
      "eval_steps_per_second": 16.647,
      "step": 10302
    },
    {
      "epoch": 4.0,
      "learning_rate": 0.0002,
      "loss": 0.5539,
      "step": 13736
    },
    {
      "epoch": 4.0,
      "eval_accuracy": 0.9107175696053551,
      "eval_f1": 0.9086327791354558,
      "eval_loss": 0.3866870403289795,
      "eval_runtime": 25.4924,
      "eval_samples_per_second": 2133.108,
      "eval_steps_per_second": 16.672,
      "step": 13736
    }
  ],
  "max_steps": 17170,
  "num_train_epochs": 5,
  "total_flos": 1.2293600255225856e+16,
  "trial_name": null,
  "trial_params": null
}
